target,n_samples,n_positive,prevalence,roc_auc_mean,roc_auc_std,pr_auc_mean,pr_auc_std
T0_bodyiron,6303,447,0.0709186101856259,0.965309532669778,0.009898721752422018,0.755605508861397,0.04851500787863932
T1_ferritin_naive,6303,2523,0.4002855782960495,0.786975461088563,0.013712099206171773,0.7343091776303167,0.018723792658836842
T2a_crp_excl_uncertain,5214,2499,0.47928653624856155,0.810877546375747,0.01453812806757356,0.813960837176774,0.017249638364906398
T2b_crp_keep_uncertain,6231,2499,0.40105922002888783,0.7871276534427714,0.009517371436976459,0.7350389947086031,0.01554281807357652
